[
    {
        "Site":"Sweden GE",
        "Business":"AES",
        "Latitude":58.2835,
        "Longitude":12.2858,
        "Competence":"PLM, ME, Military,Commercial",
        "Product From startsheets Ezcell":"PW2000, PW4000, V2500",
        "GAI Contact":"David Orth",
        "Site Contact":"Karl-David Pettersson",
        "Delegation held":"Approver",
        "Active\/Non Active":"Active",
        "Comment":null,
        "Invoiced Hours":13272.9550034391,
        "Invoiced Hours -Q1":11945.6595030952,
        "Invoiced Hours -Q2":10751.0935527857,
        "Invoiced Hours -Q3":9675.9841975071,
        "Invoiced Hours -Q4":26037.3785681551,
        "Invoiced Hours -Q5":62530.2131786374,
        "Unnamed: 17":85347.870557191,
        "Unnamed: 18":null,
        "ECCN 9E991":"Bell, Airbus, IMC, 30K",
        "ITAR\/USML XIX(g) (see note 3 below)":null,
        "EAR99":null
    },
    {
        "Site":"Sweden PW",
        "Business":"AES",
        "Latitude":58.2835,
        "Longitude":12.2858,
        "Competence":null,
        "Product From startsheets Ezcell":null,
        "GAI Contact":null,
        "Site Contact":null,
        "Delegation held":"Analysis Lead",
        "Active\/Non Active":null,
        "Comment":null,
        "Invoiced Hours":null,
        "Invoiced Hours -Q1":1.0,
        "Invoiced Hours -Q2":23.0,
        "Invoiced Hours -Q3":4.0,
        "Invoiced Hours -Q4":null,
        "Invoiced Hours -Q5":null,
        "Unnamed: 17":null,
        "Unnamed: 18":null,
        "ECCN 9E991":null,
        "ITAR\/USML XIX(g) (see note 3 below)":null,
        "EAR99":null
    },
    {
        "Site":"Sweden RR and Others",
        "Business":"AES",
        "Latitude":58.2835,
        "Longitude":12.2858,
        "Competence":null,
        "Product From startsheets Ezcell":null,
        "GAI Contact":null,
        "Site Contact":null,
        "Delegation held":"Config Mng.",
        "Active\/Non Active":null,
        "Comment":null,
        "Invoiced Hours":null,
        "Invoiced Hours -Q1":null,
        "Invoiced Hours -Q2":null,
        "Invoiced Hours -Q3":null,
        "Invoiced Hours -Q4":null,
        "Invoiced Hours -Q5":null,
        "Unnamed: 17":null,
        "Unnamed: 18":null,
        "ECCN 9E991":null,
        "ITAR\/USML XIX(g) (see note 3 below)":null,
        "EAR99":null
    },
    {
        "Site":"Sweden Militarey and Space",
        "Business":"AES",
        "Latitude":58.2835,
        "Longitude":12.2858,
        "Competence":null,
        "Product From startsheets Ezcell":"RM12",
        "GAI Contact":null,
        "Site Contact":null,
        "Delegation held":null,
        "Active\/Non Active":null,
        "Comment":null,
        "Invoiced Hours":null,
        "Invoiced Hours -Q1":null,
        "Invoiced Hours -Q2":null,
        "Invoiced Hours -Q3":null,
        "Invoiced Hours -Q4":null,
        "Invoiced Hours -Q5":null,
        "Unnamed: 17":null,
        "Unnamed: 18":null,
        "ECCN 9E991":null,
        "ITAR\/USML XIX(g) (see note 3 below)":null,
        "EAR99":null
    },
    {
        "Site":" Norway ",
        "Business":"AES",
        "Latitude":59.6689,
        "Longitude":9.6502,
        "Competence":"ME, CAM\/NC",
        "Product From startsheets Ezcell":null,
        "GAI Contact":"Kumaran Ganesan",
        "Site Contact":"Lium Odd Terje",
        "Delegation held":null,
        "Active\/Non Active":"Active",
        "Comment":null,
        "Invoiced Hours":98059.8038887411,
        "Invoiced Hours -Q1":88253.823499867,
        "Invoiced Hours -Q2":79428.4411498803,
        "Invoiced Hours -Q3":71485.5970348923,
        "Invoiced Hours -Q4":19146.2338804388,
        "Invoiced Hours -Q5":8280.6822996045,
        "Unnamed: 17":44918.0092577505,
        "Unnamed: 18":null,
        "ECCN 9E991":null,
        "ITAR\/USML XIX(g) (see note 3 below)":null,
        "EAR99":null
    },
    {
        "Site":" Newington ",
        "Business":"AES",
        "Latitude":41.6973,
        "Longitude":-72.7228,
        "Competence":"ME, CAM\/NC",
        "Product From startsheets Ezcell":null,
        "GAI Contact":"Kumaran Ganesan",
        "Site Contact":"Oskar Hoguland",
        "Delegation held":null,
        "Active\/Non Active":"Active",
        "Comment":null,
        "Invoiced Hours":44337.8948462003,
        "Invoiced Hours -Q1":39904.1053615802,
        "Invoiced Hours -Q2":35913.6948254222,
        "Invoiced Hours -Q3":32322.32534288,
        "Invoiced Hours -Q4":34058.8645553813,
        "Invoiced Hours -Q5":53596.5883131967,
        "Unnamed: 17":69193.6452262778,
        "Unnamed: 18":null,
        "ECCN 9E991":null,
        "ITAR\/USML XIX(g) (see note 3 below)":null,
        "EAR99":null
    },
    {
        "Site":" Applied Composites ",
        "Business":"AES",
        "Latitude":58.4108,
        "Longitude":15.6214,
        "Competence":null,
        "Product From startsheets Ezcell":null,
        "GAI Contact":"TBD",
        "Site Contact":null,
        "Delegation held":null,
        "Active\/Non Active":"Active",
        "Comment":null,
        "Invoiced Hours":94022.5978236564,
        "Invoiced Hours -Q1":84620.3380412907,
        "Invoiced Hours -Q2":76158.3042371617,
        "Invoiced Hours -Q3":68542.4738134455,
        "Invoiced Hours -Q4":9850.7953711787,
        "Invoiced Hours -Q5":5452.2303224134,
        "Unnamed: 17":59137.454047012,
        "Unnamed: 18":null,
        "ECCN 9E991":null,
        "ITAR\/USML XIX(g) (see note 3 below)":null,
        "EAR99":null
    },
    {
        "Site":" Cincinnati",
        "Business":"AES",
        "Latitude":39.1031,
        "Longitude":-84.512,
        "Competence":"ME, CAM\/NC",
        "Product From startsheets Ezcell":null,
        "GAI Contact":"Kumaran Ganesan",
        "Site Contact":"Per Lund",
        "Delegation held":null,
        "Active\/Non Active":"Active",
        "Comment":null,
        "Invoiced Hours":63958.8980701305,
        "Invoiced Hours -Q1":57563.0082631174,
        "Invoiced Hours -Q2":51806.7074368057,
        "Invoiced Hours -Q3":46626.0366931251,
        "Invoiced Hours -Q4":37297.7451987655,
        "Invoiced Hours -Q5":23733.3639206828,
        "Unnamed: 17":41346.4101443927,
        "Unnamed: 18":null,
        "ECCN 9E991":null,
        "ITAR\/USML XIX(g) (see note 3 below)":null,
        "EAR99":null
    },
    {
        "Site":" Cromwell",
        "Business":"AES",
        "Latitude":41.5951,
        "Longitude":-72.6454,
        "Competence":null,
        "Product From startsheets Ezcell":null,
        "GAI Contact":"David Orth",
        "Site Contact":null,
        "Delegation held":null,
        "Active\/Non Active":"Active",
        "Comment":null,
        "Invoiced Hours":65295.0869240474,
        "Invoiced Hours -Q1":58765.5782316427,
        "Invoiced Hours -Q2":52889.0204084784,
        "Invoiced Hours -Q3":47600.1183676306,
        "Invoiced Hours -Q4":27508.0739995638,
        "Invoiced Hours -Q5":10436.9591789379,
        "Unnamed: 17":4465.6537550068,
        "Unnamed: 18":null,
        "ECCN 9E991":null,
        "ITAR\/USML XIX(g) (see note 3 below)":null,
        "EAR99":null
    },
    {
        "Site":" Chemtronics",
        "Business":"ANA",
        "Latitude":32.7948,
        "Longitude":-116.9625,
        "Competence":null,
        "Product From startsheets Ezcell":null,
        "GAI Contact":"Kumaran Ganesan",
        "Site Contact":"Correa, Everett",
        "Delegation held":null,
        "Active\/Non Active":"Active",
        "Comment":null,
        "Invoiced Hours":58389.1536372708,
        "Invoiced Hours -Q1":52550.2382735437,
        "Invoiced Hours -Q2":47295.2144461893,
        "Invoiced Hours -Q3":42565.6930015704,
        "Invoiced Hours -Q4":47710.2260158417,
        "Invoiced Hours -Q5":58772.3970233649,
        "Unnamed: 17":22735.9097670375,
        "Unnamed: 18":null,
        "ECCN 9E991":null,
        "ITAR\/USML XIX(g) (see note 3 below)":null,
        "EAR99":null
    },
    {
        "Site":" Manchester",
        "Business":"AES",
        "Latitude":53.4808,
        "Longitude":-2.2426,
        "Competence":"CAM",
        "Product From startsheets Ezcell":null,
        "GAI Contact":"Kumaran Ganesan",
        "Site Contact":"Dzananovic, Enes",
        "Delegation held":null,
        "Active\/Non Active":"Active",
        "Comment":null,
        "Invoiced Hours":56779.345002349,
        "Invoiced Hours -Q1":51101.4105021141,
        "Invoiced Hours -Q2":45991.2694519027,
        "Invoiced Hours -Q3":41392.1425067124,
        "Invoiced Hours -Q4":94039.7660724449,
        "Invoiced Hours -Q5":68278.9770319682,
        "Unnamed: 17":94329.4747155286,
        "Unnamed: 18":null,
        "ECCN 9E991":null,
        "ITAR\/USML XIX(g) (see note 3 below)":null,
        "EAR99":null
    },
    {
        "Site":" Mexicali",
        "Business":"AES",
        "Latitude":32.6245,
        "Longitude":-115.4523,
        "Competence":null,
        "Product From startsheets Ezcell":null,
        "GAI Contact":"TBD",
        "Site Contact":null,
        "Delegation held":null,
        "Active\/Non Active":"Active",
        "Comment":null,
        "Invoiced Hours":9705.183074893,
        "Invoiced Hours -Q1":8734.6647674037,
        "Invoiced Hours -Q2":7861.1982906633,
        "Invoiced Hours -Q3":7075.078461597,
        "Invoiced Hours -Q4":65280.4832086882,
        "Invoiced Hours -Q5":36249.6811844617,
        "Unnamed: 17":46696.211078182,
        "Unnamed: 18":null,
        "ECCN 9E991":null,
        "ITAR\/USML XIX(g) (see note 3 below)":null,
        "EAR99":null
    },
    {
        "Site":" Muncie",
        "Business":"AES",
        "Latitude":40.1934,
        "Longitude":-85.3864,
        "Competence":"Procurement",
        "Product From startsheets Ezcell":null,
        "GAI Contact":"Dharma",
        "Site Contact":"xx",
        "Delegation held":null,
        "Active\/Non Active":"Active",
        "Comment":null,
        "Invoiced Hours":70956.4806794698,
        "Invoiced Hours -Q1":63860.8326115228,
        "Invoiced Hours -Q2":57474.7493503705,
        "Invoiced Hours -Q3":51727.2744153334,
        "Invoiced Hours -Q4":27418.5445087457,
        "Invoiced Hours -Q5":28433.4503866789,
        "Unnamed: 17":72802.0049425402,
        "Unnamed: 18":null,
        "ECCN 9E991":null,
        "ITAR\/USML XIX(g) (see note 3 below)":null,
        "EAR99":null
    },
    {
        "Site":" N. Charlestown",
        "Business":"AES",
        "Latitude":41.3832162,
        "Longitude":-71.6418744,
        "Competence":null,
        "Product From startsheets Ezcell":null,
        "GAI Contact":"David Orth",
        "Site Contact":null,
        "Delegation held":null,
        "Active\/Non Active":"Active",
        "Comment":null,
        "Invoiced Hours":93233.4855559441,
        "Invoiced Hours -Q1":83910.1370003497,
        "Invoiced Hours -Q2":75519.1233003147,
        "Invoiced Hours -Q3":67967.2109702833,
        "Invoiced Hours -Q4":99095.5299308642,
        "Invoiced Hours -Q5":35903.5633721614,
        "Unnamed: 17":17249.2278066879,
        "Unnamed: 18":null,
        "ECCN 9E991":null,
        "ITAR\/USML XIX(g) (see note 3 below)":null,
        "EAR99":null
    },
    {
        "Site":" San Luis Potosi",
        "Business":"AES",
        "Latitude":22.1566,
        "Longitude":-100.9855,
        "Competence":null,
        "Product From startsheets Ezcell":null,
        "GAI Contact":"David Orth",
        "Site Contact":null,
        "Delegation held":null,
        "Active\/Non Active":"Active",
        "Comment":null,
        "Invoiced Hours":10470.3978163047,
        "Invoiced Hours -Q1":9423.3580346742,
        "Invoiced Hours -Q2":8481.0222312068,
        "Invoiced Hours -Q3":7632.9200080861,
        "Invoiced Hours -Q4":66637.1802714253,
        "Invoiced Hours -Q5":31927.9314266287,
        "Unnamed: 17":53265.1752579438,
        "Unnamed: 18":null,
        "ECCN 9E991":null,
        "ITAR\/USML XIX(g) (see note 3 below)":null,
        "EAR99":null
    },
    {
        "Site":"  Filton",
        "Business":"AS EU",
        "Latitude":51.5079,
        "Longitude":2.5765,
        "Competence":"Analysis, Design & ME",
        "Product From startsheets Ezcell":"Dassault, Bombardier, Airbus 350-1000",
        "GAI Contact":"Veera Akula \/ Kumaran Ganesan",
        "Site Contact":"Max Brown \/ Dave pople",
        "Delegation held":null,
        "Active\/Non Active":"Active",
        "Comment":null,
        "Invoiced Hours":57565.7508826567,
        "Invoiced Hours -Q1":51809.175794391,
        "Invoiced Hours -Q2":46628.2582149519,
        "Invoiced Hours -Q3":41965.4323934568,
        "Invoiced Hours -Q4":7377.4560238162,
        "Invoiced Hours -Q5":36506.9566574402,
        "Unnamed: 17":67565.3179338145,
        "Unnamed: 18":null,
        "ECCN 9E991":null,
        "ITAR\/USML XIX(g) (see note 3 below)":null,
        "EAR99":null
    },
    {
        "Site":" \u2013 Cowes",
        "Business":"AS EU",
        "Latitude":50.7628,
        "Longitude":1.3005,
        "Competence":"Analysis, Design & ME",
        "Product From startsheets Ezcell":"Dassault, Bombardier, Airbus 350-1000",
        "GAI Contact":"Veera Akula \/ Kumaran Ganesan",
        "Site Contact":"Andrew White \/ Paul Kennedy",
        "Delegation held":null,
        "Active\/Non Active":"Active",
        "Comment":null,
        "Invoiced Hours":71917.8712294849,
        "Invoiced Hours -Q1":64726.0841065364,
        "Invoiced Hours -Q2":58253.4756958827,
        "Invoiced Hours -Q3":52428.1281262945,
        "Invoiced Hours -Q4":16561.6168567542,
        "Invoiced Hours -Q5":66837.0545944968,
        "Unnamed: 17":7460.3667391255,
        "Unnamed: 18":null,
        "ECCN 9E991":null,
        "ITAR\/USML XIX(g) (see note 3 below)":null,
        "EAR99":null
    },
    {
        "Site":" \u2013 Yeovil",
        "Business":"AS EU",
        "Latitude":50.9421,
        "Longitude":2.6333,
        "Competence":null,
        "Product From startsheets Ezcell":null,
        "GAI Contact":"David Orth",
        "Site Contact":null,
        "Delegation held":null,
        "Active\/Non Active":"Active",
        "Comment":null,
        "Invoiced Hours":48183.4785631752,
        "Invoiced Hours -Q1":43365.1307068577,
        "Invoiced Hours -Q2":39028.6176361719,
        "Invoiced Hours -Q3":35125.7558725547,
        "Invoiced Hours -Q4":85433.7503754132,
        "Invoiced Hours -Q5":13454.6617485308,
        "Unnamed: 17":91004.1975381368,
        "Unnamed: 18":null,
        "ECCN 9E991":null,
        "ITAR\/USML XIX(g) (see note 3 below)":null,
        "EAR99":null
    },
    {
        "Site":"  Western Approach",
        "Business":"AS EU",
        "Latitude":51.4545,
        "Longitude":2.5879,
        "Competence":"ME, CAM, Concessions",
        "Product From startsheets Ezcell":null,
        "GAI Contact":"Kumaran Ganesan",
        "Site Contact":"Dave Pople",
        "Delegation held":null,
        "Active\/Non Active":"Active",
        "Comment":null,
        "Invoiced Hours":40324.867357234,
        "Invoiced Hours -Q1":36292.3806215106,
        "Invoiced Hours -Q2":32663.1425593596,
        "Invoiced Hours -Q3":29396.8283034236,
        "Invoiced Hours -Q4":84364.9072630859,
        "Invoiced Hours -Q5":22458.16995626,
        "Unnamed: 17":93228.3469246406,
        "Unnamed: 18":null,
        "ECCN 9E991":null,
        "ITAR\/USML XIX(g) (see note 3 below)":null,
        "EAR99":null
    },
    {
        "Site":"  Phoenix",
        "Business":"AS EU",
        "Latitude":33.4484,
        "Longitude":-112.074,
        "Competence":null,
        "Product From startsheets Ezcell":null,
        "GAI Contact":"TBD",
        "Site Contact":null,
        "Delegation held":null,
        "Active\/Non Active":"Active",
        "Comment":null,
        "Invoiced Hours":72908.4490577469,
        "Invoiced Hours -Q1":65617.6041519722,
        "Invoiced Hours -Q2":59055.843736775,
        "Invoiced Hours -Q3":53150.2593630975,
        "Invoiced Hours -Q4":23775.1633062054,
        "Invoiced Hours -Q5":64079.174143248,
        "Unnamed: 17":8979.1832433352,
        "Unnamed: 18":null,
        "ECCN 9E991":null,
        "ITAR\/USML XIX(g) (see note 3 below)":null,
        "EAR99":null
    },
    {
        "Site":" Deutschland GmbH\u00a0",
        "Business":"AS EU",
        "Latitude":48.1351,
        "Longitude":11.582,
        "Competence":"Procurement Malaysia",
        "Product From startsheets Ezcell":null,
        "GAI Contact":"David Orth",
        "Site Contact":"Czaia Dietmar",
        "Delegation held":null,
        "Active\/Non Active":"Active",
        "Comment":null,
        "Invoiced Hours":76823.4369124898,
        "Invoiced Hours -Q1":69141.0932212408,
        "Invoiced Hours -Q2":62226.9838991168,
        "Invoiced Hours -Q3":56004.2855092051,
        "Invoiced Hours -Q4":8292.9543954388,
        "Invoiced Hours -Q5":64335.8878240056,
        "Unnamed: 17":93654.2361653761,
        "Unnamed: 18":null,
        "ECCN 9E991":null,
        "ITAR\/USML XIX(g) (see note 3 below)":null,
        "EAR99":null
    },
    {
        "Site":"GKN Aerostructures North America TX",
        "Business":"AS US",
        "Latitude":31.9686,
        "Longitude":-99.9018,
        "Competence":null,
        "Product From startsheets Ezcell":null,
        "GAI Contact":"Kumaran Ganesan",
        "Site Contact":"Bryan Cupples",
        "Delegation held":null,
        "Active\/Non Active":"Active",
        "Comment":null,
        "Invoiced Hours":59495.7967021841,
        "Invoiced Hours -Q1":53546.2170319657,
        "Invoiced Hours -Q2":48191.5953287692,
        "Invoiced Hours -Q3":43372.4357958922,
        "Invoiced Hours -Q4":82555.3310032321,
        "Invoiced Hours -Q5":86050.0242932814,
        "Unnamed: 17":83088.4939501723,
        "Unnamed: 18":null,
        "ECCN 9E991":null,
        "ITAR\/USML XIX(g) (see note 3 below)":null,
        "EAR99":null
    },
    {
        "Site":"  Wellington",
        "Business":"AS US",
        "Latitude":40.741895,
        "Longitude":-73.989308,
        "Competence":"ME",
        "Product From startsheets Ezcell":null,
        "GAI Contact":"Kumaran Ganesan",
        "Site Contact":"Gary Bickel",
        "Delegation held":null,
        "Active\/Non Active":"Active",
        "Comment":null,
        "Invoiced Hours":73559.715199561,
        "Invoiced Hours -Q1":66203.7436796049,
        "Invoiced Hours -Q2":59583.3693116444,
        "Invoiced Hours -Q3":53625.03238048,
        "Invoiced Hours -Q4":94009.9505342871,
        "Invoiced Hours -Q5":79332.6855019629,
        "Unnamed: 17":10815.6499123385,
        "Unnamed: 18":null,
        "ECCN 9E991":null,
        "ITAR\/USML XIX(g) (see note 3 below)":null,
        "EAR99":null
    },
    {
        "Site":"  Santa Ana",
        "Business":"AS US",
        "Latitude":33.7455,
        "Longitude":-117.8677,
        "Competence":"Analysis, Design & ME",
        "Product From startsheets Ezcell":null,
        "GAI Contact":"Kumaran Ganesan",
        "Site Contact":"Danielle Lamboglia, Scott Gulyas",
        "Delegation held":null,
        "Active\/Non Active":"Active",
        "Comment":null,
        "Invoiced Hours":44080.8556420918,
        "Invoiced Hours -Q1":39672.7700778826,
        "Invoiced Hours -Q2":35705.4930700944,
        "Invoiced Hours -Q3":32134.9437630849,
        "Invoiced Hours -Q4":20742.4392629568,
        "Invoiced Hours -Q5":53392.952164397,
        "Unnamed: 17":91536.4549629037,
        "Unnamed: 18":null,
        "ECCN 9E991":null,
        "ITAR\/USML XIX(g) (see note 3 below)":null,
        "EAR99":null
    },
    {
        "Site":"  St. Louis, SSA site",
        "Business":"AS US",
        "Latitude":38.627,
        "Longitude":-90.1994,
        "Competence":null,
        "Product From startsheets Ezcell":null,
        "GAI Contact":"Kumaran Ganesan",
        "Site Contact":"Debra K",
        "Delegation held":null,
        "Active\/Non Active":"Active",
        "Comment":null,
        "Invoiced Hours":89957.7230866311,
        "Invoiced Hours -Q1":80961.950777968,
        "Invoiced Hours -Q2":72865.7557001712,
        "Invoiced Hours -Q3":65579.1801301541,
        "Invoiced Hours -Q4":32737.9047258935,
        "Invoiced Hours -Q5":5789.306238291,
        "Unnamed: 17":54965.3793375824,
        "Unnamed: 18":null,
        "ECCN 9E991":null,
        "ITAR\/USML XIX(g) (see note 3 below)":null,
        "EAR99":null
    },
    {
        "Site":"  New York",
        "Business":"AS US",
        "Latitude":40.7128,
        "Longitude":-74.0059,
        "Competence":"ME ",
        "Product From startsheets Ezcell":null,
        "GAI Contact":"Kumaran Ganesan",
        "Site Contact":"Gary Bickel",
        "Delegation held":null,
        "Active\/Non Active":"Active",
        "Comment":null,
        "Invoiced Hours":31714.728933772,
        "Invoiced Hours -Q1":28543.2560403948,
        "Invoiced Hours -Q2":25688.9304363553,
        "Invoiced Hours -Q3":23120.0373927198,
        "Invoiced Hours -Q4":32233.6312401161,
        "Invoiced Hours -Q5":79158.8020001053,
        "Unnamed: 17":72506.8923672737,
        "Unnamed: 18":null,
        "ECCN 9E991":null,
        "ITAR\/USML XIX(g) (see note 3 below)":null,
        "EAR99":null
    },
    {
        "Site":"  South Carolina",
        "Business":"AS US",
        "Latitude":33.8361,
        "Longitude":-81.1637,
        "Competence":null,
        "Product From startsheets Ezcell":null,
        "GAI Contact":"TBD",
        "Site Contact":null,
        "Delegation held":null,
        "Active\/Non Active":"Active",
        "Comment":null,
        "Invoiced Hours":76067.9432148473,
        "Invoiced Hours -Q1":68461.1488933626,
        "Invoiced Hours -Q2":61615.0340040263,
        "Invoiced Hours -Q3":55453.5306036237,
        "Invoiced Hours -Q4":52403.9077336604,
        "Invoiced Hours -Q5":58153.9356636484,
        "Unnamed: 17":38228.3716471581,
        "Unnamed: 18":null,
        "ECCN 9E991":null,
        "ITAR\/USML XIX(g) (see note 3 below)":null,
        "EAR99":null
    },
    {
        "Site":"  Alabama",
        "Business":"AS US",
        "Latitude":32.3182,
        "Longitude":-86.9023,
        "Competence":"ME",
        "Product From startsheets Ezcell":"Bell Helicopter",
        "GAI Contact":"Kumaran Ganesan",
        "Site Contact":"Rupesh Patel",
        "Delegation held":null,
        "Active\/Non Active":"Active",
        "Comment":null,
        "Invoiced Hours":23750.0634303017,
        "Invoiced Hours -Q1":21375.0570872715,
        "Invoiced Hours -Q2":19237.5513785444,
        "Invoiced Hours -Q3":17313.7962406899,
        "Invoiced Hours -Q4":83209.4498571345,
        "Invoiced Hours -Q5":28761.4637870822,
        "Unnamed: 17":89260.2922861859,
        "Unnamed: 18":null,
        "ECCN 9E991":null,
        "ITAR\/USML XIX(g) (see note 3 below)":null,
        "EAR99":null
    },
    {
        "Site":"  Burbank",
        "Business":"AS US",
        "Latitude":34.1808,
        "Longitude":-118.309,
        "Competence":null,
        "Product From startsheets Ezcell":null,
        "GAI Contact":"David Orth",
        "Site Contact":null,
        "Delegation held":null,
        "Active\/Non Active":"Non Active",
        "Comment":null,
        "Invoiced Hours":96623.2795739632,
        "Invoiced Hours -Q1":86960.9516165668,
        "Invoiced Hours -Q2":78264.8564549102,
        "Invoiced Hours -Q3":70438.3708094191,
        "Invoiced Hours -Q4":29969.8650039744,
        "Invoiced Hours -Q5":72030.5618889196,
        "Unnamed: 17":52644.5112620646,
        "Unnamed: 18":null,
        "ECCN 9E991":null,
        "ITAR\/USML XIX(g) (see note 3 below)":null,
        "EAR99":null
    },
    {
        "Site":" \u2013 Mexicali Composites",
        "Business":"AS US",
        "Latitude":32.6245,
        "Longitude":-115.4523,
        "Competence":null,
        "Product From startsheets Ezcell":null,
        "GAI Contact":"David Orth",
        "Site Contact":null,
        "Delegation held":null,
        "Active\/Non Active":"Non Active",
        "Comment":null,
        "Invoiced Hours":48958.2558314738,
        "Invoiced Hours -Q1":44062.4302483264,
        "Invoiced Hours -Q2":39656.1872234938,
        "Invoiced Hours -Q3":35690.5685011444,
        "Invoiced Hours -Q4":55696.1347772069,
        "Invoiced Hours -Q5":49845.4704440511,
        "Unnamed: 17":83216.7638492332,
        "Unnamed: 18":null,
        "ECCN 9E991":null,
        "ITAR\/USML XIX(g) (see note 3 below)":null,
        "EAR99":null
    },
    {
        "Site":"  Sumner",
        "Business":"AS US",
        "Latitude":47.2032,
        "Longitude":-122.2404,
        "Competence":null,
        "Product From startsheets Ezcell":null,
        "GAI Contact":"David Orth",
        "Site Contact":null,
        "Delegation held":null,
        "Active\/Non Active":"Non Active",
        "Comment":null,
        "Invoiced Hours":77019.0663109475,
        "Invoiced Hours -Q1":69317.1596798527,
        "Invoiced Hours -Q2":62385.4437118674,
        "Invoiced Hours -Q3":56146.8993406807,
        "Invoiced Hours -Q4":13798.7350968229,
        "Invoiced Hours -Q5":64296.5842412314,
        "Unnamed: 17":64968.6848063547,
        "Unnamed: 18":null,
        "ECCN 9E991":null,
        "ITAR\/USML XIX(g) (see note 3 below)":null,
        "EAR99":null
    },
    {
        "Site":" \u2013 Camarillo",
        "Business":"AS US",
        "Latitude":34.2164,
        "Longitude":119.0376,
        "Competence":null,
        "Product From startsheets Ezcell":null,
        "GAI Contact":"Kumaran Ganesan",
        "Site Contact":"Scott Gulyas",
        "Delegation held":null,
        "Active\/Non Active":"Active",
        "Comment":null,
        "Invoiced Hours":87302.0536211452,
        "Invoiced Hours -Q1":78571.8482590307,
        "Invoiced Hours -Q2":70714.6634331277,
        "Invoiced Hours -Q3":63643.1970898149,
        "Invoiced Hours -Q4":57397.2338219603,
        "Invoiced Hours -Q5":91843.5636959011,
        "Unnamed: 17":52855.4763738123,
        "Unnamed: 18":null,
        "ECCN 9E991":null,
        "ITAR\/USML XIX(g) (see note 3 below)":null,
        "EAR99":null
    },
    {
        "Site":"  South Carolina Metallics",
        "Business":"AS US",
        "Latitude":33.8361,
        "Longitude":-81.1637,
        "Competence":"ME",
        "Product From startsheets Ezcell":null,
        "GAI Contact":"David Orth",
        "Site Contact":null,
        "Delegation held":null,
        "Active\/Non Active":"Active",
        "Comment":null,
        "Invoiced Hours":19712.6948037717,
        "Invoiced Hours -Q1":17741.4253233945,
        "Invoiced Hours -Q2":15967.2827910551,
        "Invoiced Hours -Q3":14370.5545119496,
        "Invoiced Hours -Q4":63234.1542250287,
        "Invoiced Hours -Q5":77899.098669246,
        "Unnamed: 17":39748.4984487897,
        "Unnamed: 18":null,
        "ECCN 9E991":null,
        "ITAR\/USML XIX(g) (see note 3 below)":null,
        "EAR99":null
    },
    {
        "Site":"  Additive Manufacturing Centre",
        "Business":"E&T",
        "Latitude":38.627,
        "Longitude":-90.1994,
        "Competence":null,
        "Product From startsheets Ezcell":null,
        "GAI Contact":"David Orth",
        "Site Contact":null,
        "Delegation held":null,
        "Active\/Non Active":"Active",
        "Comment":null,
        "Invoiced Hours":47409.3449499025,
        "Invoiced Hours -Q1":42668.4104549123,
        "Invoiced Hours -Q2":38401.5694094211,
        "Invoiced Hours -Q3":34561.412468479,
        "Invoiced Hours -Q4":43844.7303885417,
        "Invoiced Hours -Q5":94129.2796103128,
        "Unnamed: 17":92818.7935054415,
        "Unnamed: 18":null,
        "ECCN 9E991":null,
        "ITAR\/USML XIX(g) (see note 3 below)":null,
        "EAR99":null
    },
    {
        "Site":" \u2013 Composite Research Centre",
        "Business":"E&T",
        "Latitude":50.7628,
        "Longitude":1.3005,
        "Competence":null,
        "Product From startsheets Ezcell":null,
        "GAI Contact":"David Orth",
        "Site Contact":null,
        "Delegation held":null,
        "Active\/Non Active":"Active",
        "Comment":null,
        "Invoiced Hours":53394.5039525478,
        "Invoiced Hours -Q1":48055.053557293,
        "Invoiced Hours -Q2":43249.5482015637,
        "Invoiced Hours -Q3":38924.5933814074,
        "Invoiced Hours -Q4":25400.0704657518,
        "Invoiced Hours -Q5":18394.5977919634,
        "Unnamed: 17":20596.0122719804,
        "Unnamed: 18":null,
        "ECCN 9E991":null,
        "ITAR\/USML XIX(g) (see note 3 below)":null,
        "EAR99":null
    },
    {
        "Site":"  Composite Technology Centre",
        "Business":"E&T",
        "Latitude":51.4545,
        "Longitude":-2.5879,
        "Competence":null,
        "Product From startsheets Ezcell":null,
        "GAI Contact":"David Orth",
        "Site Contact":null,
        "Delegation held":null,
        "Active\/Non Active":"Active",
        "Comment":null,
        "Invoiced Hours":64693.8075400195,
        "Invoiced Hours -Q1":58224.4267860176,
        "Invoiced Hours -Q2":52401.9841074158,
        "Invoiced Hours -Q3":47161.7856966742,
        "Invoiced Hours -Q4":53346.7567995803,
        "Invoiced Hours -Q5":65220.0609686362,
        "Unnamed: 17":74674.2508693035,
        "Unnamed: 18":null,
        "ECCN 9E991":null,
        "ITAR\/USML XIX(g) (see note 3 below)":null,
        "EAR99":null
    },
    {
        "Site":"  Core Engineering",
        "Business":"E&T",
        "Latitude":12.9716,
        "Longitude":77.5946,
        "Competence":"Engineering IT, EC, Methods\/Tools",
        "Product From startsheets Ezcell":null,
        "GAI Contact":"David Orth",
        "Site Contact":"David Bond",
        "Delegation held":null,
        "Active\/Non Active":"Active",
        "Comment":null,
        "Invoiced Hours":71393.9277379353,
        "Invoiced Hours -Q1":64254.5349641418,
        "Invoiced Hours -Q2":57829.0814677276,
        "Invoiced Hours -Q3":52046.1733209548,
        "Invoiced Hours -Q4":52391.507854604,
        "Invoiced Hours -Q5":81997.1912894681,
        "Unnamed: 17":85184.2837333608,
        "Unnamed: 18":null,
        "ECCN 9E991":null,
        "ITAR\/USML XIX(g) (see note 3 below)":null,
        "EAR99":null
    },
    {
        "Site":" \u2013 Portsmouth",
        "Business":"SPG",
        "Latitude":50.8198,
        "Longitude":-1.088,
        "Competence":"Fuel tank",
        "Product From startsheets Ezcell":null,
        "GAI Contact":"Ullas",
        "Site Contact":"Bob Morley \/ Srinivas Hirimagalur ",
        "Delegation held":null,
        "Active\/Non Active":"Active",
        "Comment":null,
        "Invoiced Hours":30306.4542597957,
        "Invoiced Hours -Q1":27275.8088338161,
        "Invoiced Hours -Q2":24548.2279504345,
        "Invoiced Hours -Q3":22093.4051553911,
        "Invoiced Hours -Q4":30469.0361390795,
        "Invoiced Hours -Q5":80428.835788671,
        "Unnamed: 17":39607.5760666685,
        "Unnamed: 18":null,
        "ECCN 9E991":null,
        "ITAR\/USML XIX(g) (see note 3 below)":null,
        "EAR99":null
    },
    {
        "Site":" Transparency Systems (Luton)",
        "Business":"SPG",
        "Latitude":51.8787,
        "Longitude":-0.42,
        "Competence":null,
        "Product From startsheets Ezcell":null,
        "GAI Contact":"David Orth",
        "Site Contact":null,
        "Delegation held":null,
        "Active\/Non Active":"Active",
        "Comment":null,
        "Invoiced Hours":353.0294276819,
        "Invoiced Hours -Q1":317.7264849137,
        "Invoiced Hours -Q2":285.9538364224,
        "Invoiced Hours -Q3":257.3584527801,
        "Invoiced Hours -Q4":20278.4203480481,
        "Invoiced Hours -Q5":58783.7344887969,
        "Unnamed: 17":71231.0375120651,
        "Unnamed: 18":null,
        "ECCN 9E991":null,
        "ITAR\/USML XIX(g) (see note 3 below)":null,
        "EAR99":null
    },
    {
        "Site":" Transparency Systems (Kings Norton)",
        "Business":"SPG",
        "Latitude":52.4121,
        "Longitude":-1.9192,
        "Competence":"Transparency",
        "Product From startsheets Ezcell":null,
        "GAI Contact":"Ullas",
        "Site Contact":"Paul Scullion \/ Srinivas Hirimagalur ",
        "Delegation held":null,
        "Active\/Non Active":"Active",
        "Comment":null,
        "Invoiced Hours":62831.2472469363,
        "Invoiced Hours -Q1":56548.1225222427,
        "Invoiced Hours -Q2":50893.3102700184,
        "Invoiced Hours -Q3":45803.9792430166,
        "Invoiced Hours -Q4":25688.5254645701,
        "Invoiced Hours -Q5":79859.505229041,
        "Unnamed: 17":56199.40450982,
        "Unnamed: 18":null,
        "ECCN 9E991":null,
        "ITAR\/USML XIX(g) (see note 3 below)":null,
        "EAR99":null
    },
    {
        "Site":"  Alabama Fuel Systems",
        "Business":"SPG",
        "Latitude":32.3182,
        "Longitude":-86.9023,
        "Competence":null,
        "Product From startsheets Ezcell":null,
        "GAI Contact":"Kumaran Ganesan",
        "Site Contact":null,
        "Delegation held":null,
        "Active\/Non Active":"Active",
        "Comment":null,
        "Invoiced Hours":87425.7957101202,
        "Invoiced Hours -Q1":78683.2161391082,
        "Invoiced Hours -Q2":70814.8945251974,
        "Invoiced Hours -Q3":63733.4050726777,
        "Invoiced Hours -Q4":57925.9407125587,
        "Invoiced Hours -Q5":21435.8527248279,
        "Unnamed: 17":6068.7089697874,
        "Unnamed: 18":null,
        "ECCN 9E991":null,
        "ITAR\/USML XIX(g) (see note 3 below)":null,
        "EAR99":null
    },
    {
        "Site":" Transparency Systems Inc,\u00a0",
        "Business":"SPG",
        "Latitude":52.4121,
        "Longitude":-1.9192,
        "Competence":null,
        "Product From startsheets Ezcell":null,
        "GAI Contact":"David Orth",
        "Site Contact":null,
        "Delegation held":null,
        "Active\/Non Active":"Active",
        "Comment":null,
        "Invoiced Hours":30108.7232718234,
        "Invoiced Hours -Q1":27097.850944641,
        "Invoiced Hours -Q2":24388.0658501769,
        "Invoiced Hours -Q3":21949.2592651593,
        "Invoiced Hours -Q4":54769.6622299203,
        "Invoiced Hours -Q5":85220.5546831999,
        "Unnamed: 17":7177.4996630069,
        "Unnamed: 18":null,
        "ECCN 9E991":null,
        "ITAR\/USML XIX(g) (see note 3 below)":null,
        "EAR99":null
    },
    {
        "Site":"\u00a0Thailand",
        "Business":"SPG",
        "Latitude":14.0654,
        "Longitude":100.6474,
        "Competence":null,
        "Product From startsheets Ezcell":null,
        "GAI Contact":"David Orth",
        "Site Contact":null,
        "Delegation held":null,
        "Active\/Non Active":"Active",
        "Comment":null,
        "Invoiced Hours":50862.3512473178,
        "Invoiced Hours -Q1":45776.116122586,
        "Invoiced Hours -Q2":41198.5045103274,
        "Invoiced Hours -Q3":37078.6540592947,
        "Invoiced Hours -Q4":46392.7846464834,
        "Invoiced Hours -Q5":56458.0886223195,
        "Unnamed: 17":93047.0075610655,
        "Unnamed: 18":null,
        "ECCN 9E991":null,
        "ITAR\/USML XIX(g) (see note 3 below)":null,
        "EAR99":null
    },
    {
        "Site":"Fokker Aerostructures",
        "Business":"Fokker",
        "Latitude":51.8425,
        "Longitude":4.6942,
        "Competence":"Stress\/Analysis\/ME",
        "Product From startsheets Ezcell":null,
        "GAI Contact":"David Orth",
        "Site Contact":"Bas van Hese & Richard Cobben \/ Marc Van Herpt",
        "Delegation held":null,
        "Active\/Non Active":"Active",
        "Comment":null,
        "Invoiced Hours":18748.2992000123,
        "Invoiced Hours -Q1":16873.469280011,
        "Invoiced Hours -Q2":15186.1223520099,
        "Invoiced Hours -Q3":13667.5101168089,
        "Invoiced Hours -Q4":17547.8703852225,
        "Invoiced Hours -Q5":86791.7126410261,
        "Unnamed: 17":29296.9977656371,
        "Unnamed: 18":null,
        "ECCN 9E991":null,
        "ITAR\/USML XIX(g) (see note 3 below)":null,
        "EAR99":null
    },
    {
        "Site":"Fokker Elmo",
        "Business":"Fokker",
        "Latitude":52.3702,
        "Longitude":4.8952,
        "Competence":"Wiring Engineering",
        "Product From startsheets Ezcell":null,
        "GAI Contact":"David Orth",
        "Site Contact":"Joosth van Leeuwen",
        "Delegation held":null,
        "Active\/Non Active":"Active",
        "Comment":null,
        "Invoiced Hours":73574.7877486731,
        "Invoiced Hours -Q1":66217.3089738058,
        "Invoiced Hours -Q2":59595.5780764252,
        "Invoiced Hours -Q3":53636.0202687827,
        "Invoiced Hours -Q4":53502.6185656579,
        "Invoiced Hours -Q5":35589.0915740542,
        "Unnamed: 17":79740.8968586811,
        "Unnamed: 18":null,
        "ECCN 9E991":null,
        "ITAR\/USML XIX(g) (see note 3 below)":null,
        "EAR99":null
    },
    {
        "Site":"Fokker Landing Gear",
        "Business":"Fokker",
        "Latitude":51.4793,
        "Longitude":5.657,
        "Competence":null,
        "Product From startsheets Ezcell":null,
        "GAI Contact":"David Orth",
        "Site Contact":null,
        "Delegation held":null,
        "Active\/Non Active":"Active",
        "Comment":null,
        "Invoiced Hours":62934.4460972745,
        "Invoiced Hours -Q1":56641.0014875471,
        "Invoiced Hours -Q2":50976.9013387923,
        "Invoiced Hours -Q3":45879.2112049131,
        "Invoiced Hours -Q4":37975.3464004465,
        "Invoiced Hours -Q5":15016.4962487221,
        "Unnamed: 17":51892.8565614393,
        "Unnamed: 18":null,
        "ECCN 9E991":null,
        "ITAR\/USML XIX(g) (see note 3 below)":null,
        "EAR99":null
    },
    {
        "Site":"Fokker Services",
        "Business":"Fokker",
        "Latitude":52.2899,
        "Longitude":4.7834,
        "Competence":null,
        "Product From startsheets Ezcell":null,
        "GAI Contact":"David Orth",
        "Site Contact":null,
        "Delegation held":null,
        "Active\/Non Active":"Active",
        "Comment":null,
        "Invoiced Hours":28404.0567595406,
        "Invoiced Hours -Q1":25563.6510835865,
        "Invoiced Hours -Q2":23007.2859752279,
        "Invoiced Hours -Q3":20706.5573777051,
        "Invoiced Hours -Q4":64292.3553589217,
        "Invoiced Hours -Q5":28543.6265546112,
        "Unnamed: 17":44266.5433365453,
        "Unnamed: 18":null,
        "ECCN 9E991":null,
        "ITAR\/USML XIX(g) (see note 3 below)":null,
        "EAR99":null
    },
    {
        "Site":"CimTools",
        "Business":"CimTools",
        "Latitude":13.024216,
        "Longitude":77.511904,
        "Competence":"AS Machining",
        "Product From startsheets Ezcell":"Airbus",
        "GAI Contact":"Dharma",
        "Site Contact":"TBD",
        "Delegation held":null,
        "Active\/Non Active":"Active",
        "Comment":null,
        "Invoiced Hours":12.0,
        "Invoiced Hours -Q1":null,
        "Invoiced Hours -Q2":null,
        "Invoiced Hours -Q3":null,
        "Invoiced Hours -Q4":12.0,
        "Invoiced Hours -Q5":12.0,
        "Unnamed: 17":12.0,
        "Unnamed: 18":null,
        "ECCN 9E991":null,
        "ITAR\/USML XIX(g) (see note 3 below)":null,
        "EAR99":null
    },
    {
        "Site":"TAML",
        "Business":"TAML",
        "Latitude":12.7757,
        "Longitude":77.642037,
        "Competence":"AS Machining",
        "Product From startsheets Ezcell":"Airbus",
        "GAI Contact":"Dharma",
        "Site Contact":"TBD",
        "Delegation held":null,
        "Active\/Non Active":"Active",
        "Comment":null,
        "Invoiced Hours":12.0,
        "Invoiced Hours -Q1":null,
        "Invoiced Hours -Q2":null,
        "Invoiced Hours -Q3":null,
        "Invoiced Hours -Q4":12.0,
        "Invoiced Hours -Q5":12.0,
        "Unnamed: 17":12.0,
        "Unnamed: 18":null,
        "ECCN 9E991":null,
        "ITAR\/USML XIX(g) (see note 3 below)":null,
        "EAR99":null
    },
    {
        "Site":"Aequs",
        "Business":"LMW",
        "Latitude":11.010508,
        "Longitude":76.98491,
        "Competence":"Fokker Machining",
        "Product From startsheets Ezcell":"Boeing",
        "GAI Contact":"Arne",
        "Site Contact":"TBD",
        "Delegation held":null,
        "Active\/Non Active":"Active",
        "Comment":null,
        "Invoiced Hours":12.0,
        "Invoiced Hours -Q1":null,
        "Invoiced Hours -Q2":null,
        "Invoiced Hours -Q3":null,
        "Invoiced Hours -Q4":12.0,
        "Invoiced Hours -Q5":12.0,
        "Unnamed: 17":12.0,
        "Unnamed: 18":null,
        "ECCN 9E991":null,
        "ITAR\/USML XIX(g) (see note 3 below)":null,
        "EAR99":null
    },
    {
        "Site":"LMW",
        "Business":"Aequs",
        "Latitude":16.113263,
        "Longitude":74.519702,
        "Competence":"Fokker Machining",
        "Product From startsheets Ezcell":"Boeing",
        "GAI Contact":"Arne",
        "Site Contact":"TBD",
        "Delegation held":null,
        "Active\/Non Active":"Active",
        "Comment":null,
        "Invoiced Hours":12.0,
        "Invoiced Hours -Q1":null,
        "Invoiced Hours -Q2":null,
        "Invoiced Hours -Q3":null,
        "Invoiced Hours -Q4":12.0,
        "Invoiced Hours -Q5":12.0,
        "Unnamed: 17":12.0,
        "Unnamed: 18":null,
        "ECCN 9E991":null,
        "ITAR\/USML XIX(g) (see note 3 below)":null,
        "EAR99":null
    },
    {
        "Site":"Sansera",
        "Business":"Sansera",
        "Latitude":12.811518,
        "Longitude":77.692947,
        "Competence":"AS Machining",
        "Product From startsheets Ezcell":"Airbus",
        "GAI Contact":"Dharma",
        "Site Contact":"TBD",
        "Delegation held":null,
        "Active\/Non Active":"Active",
        "Comment":null,
        "Invoiced Hours":12.0,
        "Invoiced Hours -Q1":null,
        "Invoiced Hours -Q2":null,
        "Invoiced Hours -Q3":null,
        "Invoiced Hours -Q4":12.0,
        "Invoiced Hours -Q5":12.0,
        "Unnamed: 17":12.0,
        "Unnamed: 18":null,
        "ECCN 9E991":null,
        "ITAR\/USML XIX(g) (see note 3 below)":null,
        "EAR99":null
    },
    {
        "Site":"Upeca",
        "Business":"Senior Thailand",
        "Latitude":53.337824,
        "Longitude":-2.132201,
        "Competence":"AS Machining",
        "Product From startsheets Ezcell":"Airbus",
        "GAI Contact":"Dharma",
        "Site Contact":"TBD",
        "Delegation held":null,
        "Active\/Non Active":"Active",
        "Comment":null,
        "Invoiced Hours":12.0,
        "Invoiced Hours -Q1":null,
        "Invoiced Hours -Q2":null,
        "Invoiced Hours -Q3":null,
        "Invoiced Hours -Q4":12.0,
        "Invoiced Hours -Q5":12.0,
        "Unnamed: 17":12.0,
        "Unnamed: 18":null,
        "ECCN 9E991":null,
        "ITAR\/USML XIX(g) (see note 3 below)":null,
        "EAR99":null
    },
    {
        "Site":"Sanior",
        "Business":"Upeca Malaysia",
        "Latitude":3.044472,
        "Longitude":101.548596,
        "Competence":"AS Machining",
        "Product From startsheets Ezcell":"Airbus",
        "GAI Contact":"Dharma",
        "Site Contact":"TBD",
        "Delegation held":null,
        "Active\/Non Active":null,
        "Comment":null,
        "Invoiced Hours":12.0,
        "Invoiced Hours -Q1":null,
        "Invoiced Hours -Q2":null,
        "Invoiced Hours -Q3":null,
        "Invoiced Hours -Q4":12.0,
        "Invoiced Hours -Q5":12.0,
        "Unnamed: 17":12.0,
        "Unnamed: 18":null,
        "ECCN 9E991":null,
        "ITAR\/USML XIX(g) (see note 3 below)":null,
        "EAR99":null
    },
    {
        "Site":"RR",
        "Business":"Turkey",
        "Latitude":null,
        "Longitude":null,
        "Competence":"AS Machining",
        "Product From startsheets Ezcell":"Airbus",
        "GAI Contact":"Dharma",
        "Site Contact":"TBD",
        "Delegation held":null,
        "Active\/Non Active":null,
        "Comment":null,
        "Invoiced Hours":13.0,
        "Invoiced Hours -Q1":null,
        "Invoiced Hours -Q2":null,
        "Invoiced Hours -Q3":null,
        "Invoiced Hours -Q4":13.0,
        "Invoiced Hours -Q5":13.0,
        "Unnamed: 17":13.0,
        "Unnamed: 18":null,
        "ECCN 9E991":null,
        "ITAR\/USML XIX(g) (see note 3 below)":null,
        "EAR99":null
    },
    {
        "Site":"PW",
        "Business":"Customer",
        "Latitude":null,
        "Longitude":null,
        "Competence":null,
        "Product From startsheets Ezcell":null,
        "GAI Contact":null,
        "Site Contact":null,
        "Delegation held":null,
        "Active\/Non Active":null,
        "Comment":null,
        "Invoiced Hours":null,
        "Invoiced Hours -Q1":null,
        "Invoiced Hours -Q2":null,
        "Invoiced Hours -Q3":null,
        "Invoiced Hours -Q4":null,
        "Invoiced Hours -Q5":null,
        "Unnamed: 17":null,
        "Unnamed: 18":null,
        "ECCN 9E991":null,
        "ITAR\/USML XIX(g) (see note 3 below)":null,
        "EAR99":null
    },
    {
        "Site":"Airbus",
        "Business":"Customer",
        "Latitude":null,
        "Longitude":null,
        "Competence":null,
        "Product From startsheets Ezcell":null,
        "GAI Contact":null,
        "Site Contact":null,
        "Delegation held":null,
        "Active\/Non Active":null,
        "Comment":null,
        "Invoiced Hours":null,
        "Invoiced Hours -Q1":null,
        "Invoiced Hours -Q2":null,
        "Invoiced Hours -Q3":null,
        "Invoiced Hours -Q4":null,
        "Invoiced Hours -Q5":null,
        "Unnamed: 17":null,
        "Unnamed: 18":null,
        "ECCN 9E991":null,
        "ITAR\/USML XIX(g) (see note 3 below)":null,
        "EAR99":null
    },
    {
        "Site":"ISRO",
        "Business":"Customer",
        "Latitude":null,
        "Longitude":null,
        "Competence":null,
        "Product From startsheets Ezcell":null,
        "GAI Contact":null,
        "Site Contact":null,
        "Delegation held":null,
        "Active\/Non Active":null,
        "Comment":null,
        "Invoiced Hours":null,
        "Invoiced Hours -Q1":null,
        "Invoiced Hours -Q2":null,
        "Invoiced Hours -Q3":null,
        "Invoiced Hours -Q4":null,
        "Invoiced Hours -Q5":null,
        "Unnamed: 17":null,
        "Unnamed: 18":null,
        "ECCN 9E991":null,
        "ITAR\/USML XIX(g) (see note 3 below)":null,
        "EAR99":null
    },
    {
        "Site":"GE",
        "Business":"Customer",
        "Latitude":null,
        "Longitude":null,
        "Competence":null,
        "Product From startsheets Ezcell":null,
        "GAI Contact":null,
        "Site Contact":null,
        "Delegation held":null,
        "Active\/Non Active":null,
        "Comment":null,
        "Invoiced Hours":null,
        "Invoiced Hours -Q1":null,
        "Invoiced Hours -Q2":null,
        "Invoiced Hours -Q3":null,
        "Invoiced Hours -Q4":null,
        "Invoiced Hours -Q5":null,
        "Unnamed: 17":null,
        "Unnamed: 18":null,
        "ECCN 9E991":null,
        "ITAR\/USML XIX(g) (see note 3 below)":null,
        "EAR99":null
    },
    {
        "Site":"Bombardier",
        "Business":"Customer",
        "Latitude":null,
        "Longitude":null,
        "Competence":null,
        "Product From startsheets Ezcell":null,
        "GAI Contact":null,
        "Site Contact":null,
        "Delegation held":null,
        "Active\/Non Active":null,
        "Comment":null,
        "Invoiced Hours":null,
        "Invoiced Hours -Q1":null,
        "Invoiced Hours -Q2":null,
        "Invoiced Hours -Q3":null,
        "Invoiced Hours -Q4":null,
        "Invoiced Hours -Q5":null,
        "Unnamed: 17":null,
        "Unnamed: 18":null,
        "ECCN 9E991":null,
        "ITAR\/USML XIX(g) (see note 3 below)":null,
        "EAR99":null
    },
    {
        "Site":"Dassault",
        "Business":"Customer",
        "Latitude":null,
        "Longitude":null,
        "Competence":null,
        "Product From startsheets Ezcell":null,
        "GAI Contact":null,
        "Site Contact":null,
        "Delegation held":null,
        "Active\/Non Active":null,
        "Comment":null,
        "Invoiced Hours":null,
        "Invoiced Hours -Q1":null,
        "Invoiced Hours -Q2":null,
        "Invoiced Hours -Q3":null,
        "Invoiced Hours -Q4":null,
        "Invoiced Hours -Q5":null,
        "Unnamed: 17":null,
        "Unnamed: 18":null,
        "ECCN 9E991":null,
        "ITAR\/USML XIX(g) (see note 3 below)":null,
        "EAR99":null
    },
    {
        "Site":"HTF",
        "Business":"Customer",
        "Latitude":null,
        "Longitude":null,
        "Competence":null,
        "Product From startsheets Ezcell":null,
        "GAI Contact":null,
        "Site Contact":null,
        "Delegation held":null,
        "Active\/Non Active":null,
        "Comment":null,
        "Invoiced Hours":null,
        "Invoiced Hours -Q1":null,
        "Invoiced Hours -Q2":null,
        "Invoiced Hours -Q3":null,
        "Invoiced Hours -Q4":null,
        "Invoiced Hours -Q5":null,
        "Unnamed: 17":null,
        "Unnamed: 18":null,
        "ECCN 9E991":null,
        "ITAR\/USML XIX(g) (see note 3 below)":null,
        "EAR99":null
    }
]